title,description,descriptionHTML,summary,summaryHTML,installs,minInstalls,score,ratings,reviews,histogram,price,free,currency,sale,saleTime,originalPrice,saleText,offersIAP,inAppProductPrice,size,androidVersion,androidVersionText,developer,developerId,developerEmail,developerWebsite,developerAddress,privacyPolicy,developerInternalID,genre,genreId,icon,headerImage,screenshots,video,videoImage,contentRating,contentRatingDescription,adSupported,containsAds,released,updated,version,recentChanges,recentChangesHTML,editorsChoice,appId,url
Monzo Bank,"Instant spending updates. Smart budgeting. Great rates abroad. Emoji üôå

We‚Äôre a bank, but we‚Äôre trying not to think like one. Open an account with us in minutes, and start getting to know your money better.

We‚Äôve been busy for the last few years building the best current account in the world. Now more than 1,000,000 people use Monzo to manage their money and spend around the world. Download the app today to join them.

<b>Manage your money</b>

- <b>Set spending budgets</b>
  Set monthly budgets for spending on things like groceries and going out.
- <b>See an easy summary</b>
  See an overview of your account any time, with notifications if you‚Äôre spending too fast.
- <b>Get instant notifications</b>
  Get a notification the moment you use your card, before the receipt finishes printing.

<b>Travel easily</b>

- <b>Use your card anywhere</b>
  Monzo works all around the world, and you don‚Äôt need to tell us if you‚Äôre going away.
- <b>Take out cash</b>
  Withdraw up to ¬£200 every 30 days for free (there‚Äôs a 3% charge after that).
- <b>Spend for free</b>
  We don‚Äôt add any fees or charges for spending with your card, and we don‚Äôt mark up the exchange rate.
  
<b>Send money fast</b>

- <b>Pay people in seconds</b>
  Send bank transfers that arrive pretty much instantly.
- <b>Set up Direct Debits and standing orders</b>
  Manage recurring payments from your app.
- <b>Split the bill</b>
  Split through the app and we‚Äôll do the maths for you.

<b>Keep your money safe</b>

- <b>Stay in control</b>
  If you lose your card, freeze it in the app and get a new one quickly. (Or defrost it if you find it again.)
- <b>Rest easy</b>
  We‚Äôre part of the FSCS, so your money is protected up to ¬£85,000.

<b>And more!</b>
- 24/7 real-live human customer support
- Fair and transparent overdrafts
- Full Google Pay support

<b>What people are saying about Monzo:</b>
‚ÄúMonzo? It might just be the future of banking.‚Äù ‚Äî The Guardian
‚ÄúA bank for people who hate banks.‚Äù ‚Äî Bloomberg
‚ÄúMonzo is a bank designed for the world we live in today.‚Äù ‚Äî TechCrunch","Instant spending updates. Smart budgeting. Great rates abroad. Emoji üôå<br><br>We‚Äôre a bank, but we‚Äôre trying not to think like one. Open an account with us in minutes, and start getting to know your money better.<br><br>We‚Äôve been busy for the last few years building the best current account in the world. Now more than 1,000,000 people use Monzo to manage their money and spend around the world. Download the app today to join them.<br><br><b>Manage your money</b><br><br>- <b>Set spending budgets</b><br>  Set monthly budgets for spending on things like groceries and going out.<br>- <b>See an easy summary</b><br>  See an overview of your account any time, with notifications if you‚Äôre spending too fast.<br>- <b>Get instant notifications</b><br>  Get a notification the moment you use your card, before the receipt finishes printing.<br><br><b>Travel easily</b><br><br>- <b>Use your card anywhere</b><br>  Monzo works all around the world, and you don‚Äôt need to tell us if you‚Äôre going away.<br>- <b>Take out cash</b><br>  Withdraw up to ¬£200 every 30 days for free (there‚Äôs a 3% charge after that).<br>- <b>Spend for free</b><br>  We don‚Äôt add any fees or charges for spending with your card, and we don‚Äôt mark up the exchange rate.<br>  <br><b>Send money fast</b><br><br>- <b>Pay people in seconds</b><br>  Send bank transfers that arrive pretty much instantly.<br>- <b>Set up Direct Debits and standing orders</b><br>  Manage recurring payments from your app.<br>- <b>Split the bill</b><br>  Split through the app and we‚Äôll do the maths for you.<br><br><b>Keep your money safe</b><br><br>- <b>Stay in control</b><br>  If you lose your card, freeze it in the app and get a new one quickly. (Or defrost it if you find it again.)<br>- <b>Rest easy</b><br>  We‚Äôre part of the FSCS, so your money is protected up to ¬£85,000.<br><br><b>And more!</b><br>- 24/7 real-live human customer support<br>- Fair and transparent overdrafts<br>- Full Google Pay support<br><br><b>What people are saying about Monzo:</b><br>‚ÄúMonzo? It might just be the future of banking.‚Äù ‚Äî The Guardian<br>‚ÄúA bank for people who hate banks.‚Äù ‚Äî Bloomberg<br>‚ÄúMonzo is a bank designed for the world we live in today.‚Äù ‚Äî TechCrunch",Monzo makes money work for everyone.,Monzo makes money work for everyone.,"1,000,000+",1000000,4.7507215,47848,11856,"[1844, 286, 611, 2466, 42641]",0,TRUE,USD,FALSE,,,,FALSE,,68M,5,5.0 and up,Monzo,Monzo,help@monzo.com,https://monzo.com?utm_medium=paid&utm_source=playstore&utm_campaign=1,,https://monzo.com/privacy/,5.59508E+18,Finance,FINANCE,https://play-lh.googleusercontent.com/bqQTL1y7wcSfyh_pOCY_OFCg0RoX5nhri4vZRt536R8rVwLa69U5qrybw-gopFQ7QTk,https://play-lh.googleusercontent.com/v1wROu6kfM7nKgkWLH9y2dKlqYITKKbGjux_q71JkWv_y__aqlY1jQo2aNJcYtLxwBs,"['https://play-lh.googleusercontent.com/bSodzECyjSqv1Zjrv4yaHUUH0nOBrY-lm9Lmtz38jds4OEIoj2NH9iHZu8-6p3929w', 'https://play-lh.googleusercontent.com/yxpYLO5YB4N2b2etPv-7BFzeyp2WH7Y9__9tKm3zB-Dq7d4Ir_zPAcgYLRQuvfPQdL6m', 'https://play-lh.googleusercontent.com/9dIVrVnR8Unm8-0TaRIKz1FOiQJYVxYdWV1GntlwxJfX77G6yULjwKDNJNhvHvwUsKc', 'https://play-lh.googleusercontent.com/vc2GUpveZw9VJ3dS-WqQuQZfoC8YhDrYU084PJiBDOB1_8MNZ8iYicyYKYGGlTtFQI4', 'https://play-lh.googleusercontent.com/k3XCHw8R0Eb7hudVH2OW8tmYIaq-65qU8l8t00xEIQr5fs9OWkXfLOOpFVYqwTzVjA', 'https://play-lh.googleusercontent.com/grtr-gYWShDcXKX_mgxDUYjSpbdcqtc5WVgc-5OvuqhVQdgcmjtpXMOvs6KQW4Gya1E', 'https://play-lh.googleusercontent.com/40_A2v-66F07OE739brMrblXzGMXNCFdn58tifoF94pdcqWa56Xsprx3xaNS47YQ0lnx', 'https://play-lh.googleusercontent.com/IiMQn-GJvkVmnN9dTZzbl53dVazPdIXxDpw5cRImqnVnFMybenBgj_jrKJqEnWwiVY4R']",,,PEGI 3,,,FALSE,13/05/2016,1616774606,3.74.0,"Bugs, there are less now
Yes, we said less not fewer
We‚Äôre descriptivists","Bugs, there are less now<br>Yes, we said less not fewer<br>We‚Äôre descriptivists",FALSE,co.uk.getmondo,https://play.google.com/store/apps/details?id=co.uk.getmondo&hl=en&gl=uk
Revolut,"This is one app to manage all things money. Open an account in minutes to spend, budget, save, and invest, all in one secure place. 

Master managing your everyday spending
- Spend securely with a card you control, where you can freeze and unfreeze with a tap. We‚Äôll give you a virtual card straight away, so that you can link to Google or Apple Pay and start spending immediately while you wait for your physical card to arrive.
- Our award-winning security system is always keeping an eye on your card details - so shop online with peace of mind. Get an extra layer of protection when you pay online with virtual cards that self-destruct as soon as the purchase is complete.
- Get full visibility and control over your spending when you connect your external bank accounts to Revolut.* 
- Easily track and control your subscriptions, direct debits, and recurring payments in one place. 
- Master your money with smart analytics and budgeting tools to help you stay on track. 
- You‚Äôll unlock exclusive access to personalised discounts and cashback from brands you love so you can save more.
- Also, get access to Revolut Junior to teach your kids money skills for life.

Money borders are a thing of the past
- Instant and free, the way it should be: transfer money to Revolut users in more than 30 countries around the world. 
- Get local bank details in-app to send and receive money to other bank accounts - locally and globally.
- From restaurant tabs to rental cars, easily split and settle bills in-app. Keep track of who's paid and nudge those who haven‚Äôt...Ahem.
- Send payment links to friends who haven't upgraded their financial life to Revolut yet. 

When it comes to growing your money, look no further
- Discover Vaults to help you reach your money goals faster - round up your spare change or set up a regular transfer for something special.
 -Go for gold and invest smarter in seconds with precious metals. 

Act like a local wherever you travel
- Spend abroad and exchange at excellent rates with no hidden fees in more than 30 currencies.
- Get cash from ATMs all over the world without hidden fees - limits vary according to your plan.
- Upgrade to Premium or Metal to get exclusive access to overseas medical insurance and lots of other travel perks!

*Some of our products might not be available in your region yet, but we‚Äôre constantly working to get the full Revolut experience out there. Stay tuned for updates!","This is one app to manage all things money. Open an account in minutes to spend, budget, save, and invest, all in one secure place. <br><br>Master managing your everyday spending<br>- Spend securely with a card you control, where you can freeze and unfreeze with a tap. We‚Äôll give you a virtual card straight away, so that you can link to Google or Apple Pay and start spending immediately while you wait for your physical card to arrive.<br>- Our award-winning security system is always keeping an eye on your card details - so shop online with peace of mind. Get an extra layer of protection when you pay online with virtual cards that self-destruct as soon as the purchase is complete.<br>- Get full visibility and control over your spending when you connect your external bank accounts to Revolut.* <br>- Easily track and control your subscriptions, direct debits, and recurring payments in one place. <br>- Master your money with smart analytics and budgeting tools to help you stay on track. <br>- You‚Äôll unlock exclusive access to personalised discounts and cashback from brands you love so you can save more.<br>- Also, get access to Revolut Junior to teach your kids money skills for life.<br><br>Money borders are a thing of the past<br>- Instant and free, the way it should be: transfer money to Revolut users in more than 30 countries around the world. <br>- Get local bank details in-app to send and receive money to other bank accounts - locally and globally.<br>- From restaurant tabs to rental cars, easily split and settle bills in-app. Keep track of who&#39;s paid and nudge those who haven‚Äôt...Ahem.<br>- Send payment links to friends who haven&#39;t upgraded their financial life to Revolut yet. <br><br>When it comes to growing your money, look no further<br>- Discover Vaults to help you reach your money goals faster - round up your spare change or set up a regular transfer for something special.<br> -Go for gold and invest smarter in seconds with precious metals. <br><br>Act like a local wherever you travel<br>- Spend abroad and exchange at excellent rates with no hidden fees in more than 30 currencies.<br>- Get cash from ATMs all over the world without hidden fees - limits vary according to your plan.<br>- Upgrade to Premium or Metal to get exclusive access to overseas medical insurance and lots of other travel perks!<br><br>*Some of our products might not be available in your region yet, but we‚Äôre constantly working to get the full Revolut experience out there. Stay tuned for updates!",Get more from your money,Get more from your money,"10,000,000+",10000000,4.6182213,1019834,287150,"[56471, 8951, 15577, 105458, 833377]",0,TRUE,USD,FALSE,,,,FALSE,,207M,5,5.0 and up,Revolut ,Revolut+Ltd,feedback@revolut.com,https://www.revolut.com/,,https://www.revolut.com/legal/privacy/,4.83973E+18,Finance,FINANCE,https://play-lh.googleusercontent.com/U0MdY-5ur-clJdjbHo7Zq-Q_eDloUaIDSHziL2k9OSlwXvi_A0g97Mw4HslnX_WZiL-R,https://play-lh.googleusercontent.com/V_Aa6kC8-ASVNBL_dui_f5LfUEKiEZyrjG5-6ScKyqKWPdWPWWNWkFfsfmBcjf9M7IXc,"['https://play-lh.googleusercontent.com/xKO-jtqnRB_RCLfaFvSK2MUZe4yIC2tUU-I2eA_IsyP5iRMdf9c73IqeOpG50rDsINY', 'https://play-lh.googleusercontent.com/KbZ8zhQScywLSOU9OEIlx8h5kahkos72WepDJSZ9n28vu6kQ4Osf1pYRiNh0BCBT6V58', 'https://play-lh.googleusercontent.com/YcUvyhY_JrtlyK1HQE5e8ZYq0SFXDCDuWUmaE_JNCcRw7JMCIV3IVYIoAv2-kY0BeOw', 'https://play-lh.googleusercontent.com/OC2lZHTHydEy8BPosOuS_WvYLkf9YSYRFguYMK7w-eqtONqTz83H9bNMcXf_N3R1FW4', 'https://play-lh.googleusercontent.com/10SLrB2tClvL8YH9LpSPfM5UuuauF3goAodfHAp7AmNUZ60Ho2Z5hL68OV1YTJHapg', 'https://play-lh.googleusercontent.com/q51J1jf21BTjnuFi5tV-69kFSSbeYRdXw21Sb5xm9adWBy0WkhlVXORS9yygHXZi9lvP']",,,PEGI 3,,,FALSE,01/06/2015,1616621999,7.39.1,"Welcome to Revolut.
We've made some tweaks and improvements under the hood in this version to make your Revolut experience even smoother.",Welcome to Revolut.<br>We&#39;ve made some tweaks and improvements under the hood in this version to make your Revolut experience even smoother.,FALSE,com.revolut.revolut,https://play.google.com/store/apps/details?id=com.revolut.revolut&hl=en&gl=uk
Bank of Scotland Mobile Banking: secure on the go,"New to our app? 
Packed with features to help you make smart everyday banking decisions, our app helps you stay on top your money ‚Äì wherever you are.

With our app you can
‚Ä¢	Log on quickly and securely with your fingerprint
‚Ä¢	Manage your account ‚Äì check balances and pending payments
‚Ä¢	Set up Direct Debits and Standing Orders
‚Ä¢	Pay in cheques
‚Ä¢	Easily transfer money and make payments to UK and international accounts
‚Ä¢	Set up spending alerts
‚Ä¢	Check your PIN or request a new one
‚Ä¢	Easily request a new card, report lost or stolen cards, freeze them and order replacements
‚Ä¢	Quickly find and view transactions and statements
‚Ä¢	Update your contact details


You can find plenty of other information in the app by using our ‚ÄòSearch‚Äô tool, as well as our handy ‚ÄòHelp hub‚Äô.


Getting started
You‚Äôll need
‚Ä¢	The phone number that you‚Äôve registered with us
‚Ä¢	A Bank of Scotland UK personal account
‚Ä¢	An Internet Banking username, password and memorable information

Keeping you safe online
We use the latest online security measures to protect your money, your personal information and your privacy. 

How we‚Äôll contact you
Using our app won‚Äôt affect how we contact you. Our emails will address you by your title and surname, and  include the last four digits of your account number, or the last three digits of your postcode. Any text messages we send you will come from BANKOFSCOT. Be aware of any message that differs from this ‚Äì it could be a scam.



Important information
Your phone‚Äôs signal and functionality may affect your service. Terms and conditions apply.

You must not download, install, use or distribute our Mobile Banking apps in the following countries: North Korea; Syria; Sudan; Iran; Cuba and any other country subject to UK, US or EU technology export prohibitions.

When you use this app we collect anonymous location data to help combat fraud, fix bugs and improve future services.

Everyday Offers is available to Bank of Scotland current account customers (excluding Basic Account holders) aged 18+ with a debit/credit card who bank online. Terms and conditions apply.

Fingerprint Logon requires a compatible mobile running Android 6.0 or higher and may not work on some tablets.

Save the Change¬Æ is a registered trademark of Lloyds Bank plc and is used under licence by Bank of Scotland plc.

Bank of Scotland plc, Registered in Scotland No. SC327000. Registered Office: The Mound, Edinburgh EH1 1YZ. Authorised by the Prudential Regulation Authority and regulated by the Financial Conduct Authority and the Prudential Regulation Authority.","New to our app? <br>Packed with features to help you make smart everyday banking decisions, our app helps you stay on top your money ‚Äì wherever you are.<br><br>With our app you can<br>‚Ä¢	Log on quickly and securely with your fingerprint<br>‚Ä¢	Manage your account ‚Äì check balances and pending payments<br>‚Ä¢	Set up Direct Debits and Standing Orders<br>‚Ä¢	Pay in cheques<br>‚Ä¢	Easily transfer money and make payments to UK and international accounts<br>‚Ä¢	Set up spending alerts<br>‚Ä¢	Check your PIN or request a new one<br>‚Ä¢	Easily request a new card, report lost or stolen cards, freeze them and order replacements<br>‚Ä¢	Quickly find and view transactions and statements<br>‚Ä¢	Update your contact details<br><br><br>You can find plenty of other information in the app by using our ‚ÄòSearch‚Äô tool, as well as our handy ‚ÄòHelp hub‚Äô.<br><br><br>Getting started<br>You‚Äôll need<br>‚Ä¢	The phone number that you‚Äôve registered with us<br>‚Ä¢	A Bank of Scotland UK personal account<br>‚Ä¢	An Internet Banking username, password and memorable information<br><br>Keeping you safe online<br>We use the latest online security measures to protect your money, your personal information and your privacy. <br><br>How we‚Äôll contact you<br>Using our app won‚Äôt affect how we contact you. Our emails will address you by your title and surname, and  include the last four digits of your account number, or the last three digits of your postcode. Any text messages we send you will come from BANKOFSCOT. Be aware of any message that differs from this ‚Äì it could be a scam.<br><br><br><br>Important information<br>Your phone‚Äôs signal and functionality may affect your service. Terms and conditions apply.<br><br>You must not download, install, use or distribute our Mobile Banking apps in the following countries: North Korea; Syria; Sudan; Iran; Cuba and any other country subject to UK, US or EU technology export prohibitions.<br><br>When you use this app we collect anonymous location data to help combat fraud, fix bugs and improve future services.<br><br>Everyday Offers is available to Bank of Scotland current account customers (excluding Basic Account holders) aged 18+ with a debit/credit card who bank online. Terms and conditions apply.<br><br>Fingerprint Logon requires a compatible mobile running Android 6.0 or higher and may not work on some tablets.<br><br>Save the Change¬Æ is a registered trademark of Lloyds Bank plc and is used under licence by Bank of Scotland plc.<br><br>Bank of Scotland plc, Registered in Scotland No. SC327000. Registered Office: The Mound, Edinburgh EH1 1YZ. Authorised by the Prudential Regulation Authority and regulated by the Financial Conduct Authority and the Prudential Regulation Authority.",Log into this app for your everyday banking. It's secure & packed with features,Log into this app for your everyday banking. It&#39;s secure &amp; packed with features,"1,000,000+",1000000,4.6274953,30850,13587,"[1470, 288, 635, 3476, 24981]",0,TRUE,USD,FALSE,,,,FALSE,,76M,7,7.0 and up,Bank of Scotland,Lloyds+Banking+Group+PLC,mobileapps@lloydsbanking.com,http://www.bankofscotland.co.uk/app,,http://www.bankofscotland.co.uk/SecurityandPrivacy/privacy/,6.91654E+18,Finance,FINANCE,https://play-lh.googleusercontent.com/mt3PEgUBlJy0sIVeu2NLSTfuATk-Rb-V6qUmigywQ08h-zFf8UcxQyzcu889-lskAPaL,https://play-lh.googleusercontent.com/awyMJiWZ-RkBwRUm4yLzU7xFlJuRLayW6bgDzhKroSu9QjB77iRtWgBQATJkyyS6ZAaW,"['https://play-lh.googleusercontent.com/gwytbGV1A03T6R3xw9EjMSC6V75CYPfvpBHY84uYQgoXjFQGYNfvNsfuGZvxWkIbNI8', 'https://play-lh.googleusercontent.com/pgUmU8M9L4H7QXNbItDkA7rnj-3EuZHeymoGQqUFsbGA4eLVFevIghUQ2JTjdBrLvQI', 'https://play-lh.googleusercontent.com/ZszB3uzDLXFFxvgFPvJoxbeEoUK7XnGZTINzEQUHjNgrnAJOwBDKk6Gd-dwH8mwzN3w', 'https://play-lh.googleusercontent.com/UP75IILju5jDWpC3iXjt2hbhCcpi33V96IH_mISBq0o9ZBP_vmQ0IIfFtKTV0gxZppkP', 'https://play-lh.googleusercontent.com/9N9bAmsYdybfG5pe2T-QxINNq2rtJrpnscJOiLLahVPoWLtgERPb4J8mMqDGdQfmTgs']",https://www.youtube.com/embed/SGqkeSVaOHk?ps=play&vq=large&rel=0&autohide=1&showinfo=0,https://i.ytimg.com/vi/SGqkeSVaOHk/hqdefault.jpg,PEGI 3,,TRUE,TRUE,15/12/2011,1616430749,69.01,"We‚Äôve fixed some bugs and added security updates

We‚Äôre also working on new features that will be available in a later release.",We‚Äôve fixed some bugs and added security updates<br><br>We‚Äôre also working on new features that will be available in a later release.,FALSE,com.grppl.android.shell.BOS,https://play.google.com/store/apps/details?id=com.grppl.android.shell.BOS&hl=en&gl=uk
Barclays,"The Barclays app 

HOW TO REGISTER
If you‚Äôre 16 or over and you have a UK-registered mobile number and a Barclays current account or Barclaycard, you can register for the app. You‚Äôll need the 16 digit number off your card, then follow the onscreen instructions. Some customers may be required to verify their identity with PINsentry or at a Barclays cash machine.

If you‚Äôve got an activation code, follow the onscreen steps to register (you won‚Äôt need PINsentry for this).

After you‚Äôre set up, you‚Äôll only need your 5-digit passcode to log in. Then you can set up Android Fingerprint to log in faster in future.

This app doesn‚Äôt work on rooted devices.

THE BENEFITS
‚Ä¢Log in quickly and securely when you set up access through Android Fingerprint 
‚Ä¢Manage your personal and business accounts, and view your Barclays mortgage account, as well as managing your personal Barclaycard accounts 
‚Ä¢See recent transactions and check your balances
‚Ä¢Transfer funds between accounts
‚Ä¢Make payments to people you‚Äôve paid before and people in your payee list
‚Ä¢Upload, sort and store your important documents securely with Barclays Cloud It. Just use your camera to take photos of documents you want to store
‚Ä¢Find your nearest branch or cash machine
‚Ä¢Log into Online Banking more easily using Mobile PINsentry. So we can complete some security checks, it can take up to 4 days for Mobile PINsentry to be activated in the app 
‚Ä¢Call our customer services team direct from the app to speak to an advisor
‚Ä¢Manage your Barclays personal and business accounts with 1 secure log-in
‚Ä¢No need to log in to lots of apps - view your current accounts held with other banks, safely and securely, in your app

Terms and conditions apply. You must be aged 16 or over to use the Barclays app.

FOR BUSINESS ACCOUNTS
You can only use the app if you‚Äôre a sole-signatory Barclays Business current account holder. You can‚Äôt register your Barclaycard business or corporate credit cards.

This app is provided by either Barclays Bank UK PLC or Barclays Bank PLC depending on the entity you may have contracted with for banking services. Please refer to your bank documents (terms and conditions, statements, etc.) to confirm the legal entity that provides banking services to you. 
 
Copyright ¬© Barclays 2021. Barclays is a registered trade mark of Barclays plc, used under licence.

Barclays Bank UK PLC. Authorised by the Prudential Regulation Authority and regulated by the Financial Conduct Authority and the Prudential Regulation Authority (Financial Services Register No. 759676).
Registered in England. Registered No. 9740322 Registered Office: 1 Churchill Place, London E14 5HP.

Barclays Bank PLC. Authorised by the Prudential Regulation Authority and regulated by the Financial Conduct Authority and the Prudential Regulation Authority (Financial Services Register No. 122702).
Registered in England. Registered no. 1026167 Registered Office: 1 Churchill Place, London E14 5HP.","The Barclays app <br><br>HOW TO REGISTER<br>If you‚Äôre 16 or over and you have a UK-registered mobile number and a Barclays current account or Barclaycard, you can register for the app. You‚Äôll need the 16 digit number off your card, then follow the onscreen instructions. Some customers may be required to verify their identity with PINsentry or at a Barclays cash machine.<br><br>If you‚Äôve got an activation code, follow the onscreen steps to register (you won‚Äôt need PINsentry for this).<br><br>After you‚Äôre set up, you‚Äôll only need your 5-digit passcode to log in. Then you can set up Android Fingerprint to log in faster in future.<br><br>This app doesn‚Äôt work on rooted devices.<br><br>THE BENEFITS<br>‚Ä¢Log in quickly and securely when you set up access through Android Fingerprint <br>‚Ä¢Manage your personal and business accounts, and view your Barclays mortgage account, as well as managing your personal Barclaycard accounts <br>‚Ä¢See recent transactions and check your balances<br>‚Ä¢Transfer funds between accounts<br>‚Ä¢Make payments to people you‚Äôve paid before and people in your payee list<br>‚Ä¢Upload, sort and store your important documents securely with Barclays Cloud It. Just use your camera to take photos of documents you want to store<br>‚Ä¢Find your nearest branch or cash machine<br>‚Ä¢Log into Online Banking more easily using Mobile PINsentry. So we can complete some security checks, it can take up to 4 days for Mobile PINsentry to be activated in the app <br>‚Ä¢Call our customer services team direct from the app to speak to an advisor<br>‚Ä¢Manage your Barclays personal and business accounts with 1 secure log-in<br>‚Ä¢No need to log in to lots of apps - view your current accounts held with other banks, safely and securely, in your app<br><br>Terms and conditions apply. You must be aged 16 or over to use the Barclays app.<br><br>FOR BUSINESS ACCOUNTS<br>You can only use the app if you‚Äôre a sole-signatory Barclays Business current account holder. You can‚Äôt register your Barclaycard business or corporate credit cards.<br><br>This app is provided by either Barclays Bank UK PLC or Barclays Bank PLC depending on the entity you may have contracted with for banking services. Please refer to your bank documents (terms and conditions, statements, etc.) to confirm the legal entity that provides banking services to you. <br> <br>Copyright ¬© Barclays 2021. Barclays is a registered trade mark of Barclays plc, used under licence.<br><br>Barclays Bank UK PLC. Authorised by the Prudential Regulation Authority and regulated by the Financial Conduct Authority and the Prudential Regulation Authority (Financial Services Register No. 759676).<br>Registered in England. Registered No. 9740322 Registered Office: 1 Churchill Place, London E14 5HP.<br><br>Barclays Bank PLC. Authorised by the Prudential Regulation Authority and regulated by the Financial Conduct Authority and the Prudential Regulation Authority (Financial Services Register No. 122702).<br>Registered in England. Registered no. 1026167 Registered Office: 1 Churchill Place, London E14 5HP.",Barclays - make your everyday life that little bit less complex,Barclays - make your everyday life that little bit less complex,"5,000,000+",5000000,4.6421638,380119,181375,"[15547, 4784, 8236, 43002, 308550]",0,TRUE,USD,FALSE,,,,FALSE,,90M,5,5.0 and up,Barclays ,Barclays+Services+Limited,app-support@barclays.com,http://www.barclays.co.uk/mobilebankingapp,,https://www.barclays.co.uk/important-information/privacy-policy/,6.01373E+18,Finance,FINANCE,https://play-lh.googleusercontent.com/1U3nHP3cS5s8yNuIH4ECo-5bi_lUJ4dZyxO2HPCZSrlPeVAE5UQSIszDt__3fv36GK8,https://play-lh.googleusercontent.com/xgNxj1NCy3nfGzZbhsLJwZxrEIULmDkqaMVLEuqD5m-B2QY6gbfBer2LXvhpBoiLAJQ,"['https://play-lh.googleusercontent.com/-iZDLAp1Lfda1UaMyx28qLst1YGEphwvIkGURzgcq6ASjsMJ3ggjfuYTI7y80lo-PuY', 'https://play-lh.googleusercontent.com/4JEcburhTQhea48otsvwBGddjyhU0Zp3ko5cHSmXkfsulhvLum4MQGPQ24d_lM6e7A', 'https://play-lh.googleusercontent.com/qmm4WJ40lYI8QpNNocYDM4uCMBEM7Skov1NUwzPAWkI8jc9mp5mAYC56wf7CLYFIWOA', 'https://play-lh.googleusercontent.com/yKK5H-uXx_05gAPTUYRDP3nb_a0KiO1BnuQ6PKCinN_cSnbwsTm2FH8yow1fjsbj7sc', 'https://play-lh.googleusercontent.com/qV1_6urZwDqLxX8Ht5AZbrQ3VG_H4dHJxja2r-FsZnt2ONeB8rb7y9pWrtrOAr-YQ0Y']",https://www.youtube.com/embed/8voAqp_qiDI?ps=play&vq=large&rel=0&autohide=1&showinfo=0,https://i.ytimg.com/vi/8voAqp_qiDI/hqdefault.jpg,PEGI 3,,,FALSE,05/07/2012,1616084566,2.36.0,#NAME?,#NAME?,FALSE,com.barclays.android.barclaysmobilebanking,https://play.google.com/store/apps/details?id=com.barclays.android.barclaysmobilebanking&hl=en&gl=uk
HSBC UK Mobile Banking,"Designed especially for our UK customers, the HSBC UK Mobile Banking app lets you manage your money on the go easily and securely.
‚Ä¢ Log on quickly and securely with your fingerprint
‚Ä¢ See your accounts, transactions, standing orders and Direct Debits at a glance
‚Ä¢ View and download your statements
‚Ä¢ Send money to new payees using their bank details or phone number (Paym)
‚Ä¢ Transfer money between accounts
‚Ä¢ Deposit a cheque
‚Ä¢ Block your card temporarily
 
If you have HSBC accounts outside of the UK, please also download the HSBC Mobile Banking app to manage your global accounts.
HSBC is committed to providing digital applications that are accessible to all its customers. We take this responsibility very seriously; accessibility will continue to be a major consideration as we develop the app, and improvements will be delivered in future updates.","Designed especially for our UK customers, the HSBC UK Mobile Banking app lets you manage your money on the go easily and securely.<br>‚Ä¢ Log on quickly and securely with your fingerprint<br>‚Ä¢ See your accounts, transactions, standing orders and Direct Debits at a glance<br>‚Ä¢ View and download your statements<br>‚Ä¢ Send money to new payees using their bank details or phone number (Paym)<br>‚Ä¢ Transfer money between accounts<br>‚Ä¢ Deposit a cheque<br>‚Ä¢ Block your card temporarily<br> <br>If you have HSBC accounts outside of the UK, please also download the HSBC Mobile Banking app to manage your global accounts.<br>HSBC is committed to providing digital applications that are accessible to all its customers. We take this responsibility very seriously; accessibility will continue to be a major consideration as we develop the app, and improvements will be delivered in future updates.",Pay someone new and manage your money with the new HSBC UK Mobile Banking app,Pay someone new and manage your money with the new HSBC UK Mobile Banking app,"1,000,000+",1000000,3.4830787,35813,18614,"[9941, 1994, 2336, 3909, 17633]",0,TRUE,USD,FALSE,,,,FALSE,,46M,5,5.0 and up,HSBC,HSBC,hsbc.app.support@hsbc.com,https://www.hsbc.co.uk/1/2/contact-and-support/ways-to-bank/mobile,,https://www.hsbc.co.uk/content/dam/hsbc/gb/pdf/mobile-banking-privacy-notice.pdf,9.159E+18,Finance,FINANCE,https://play-lh.googleusercontent.com/9eXIEDELSzSELBgVTVJevIyEU8sM6RstXFTt6916P5FBZge3Z6HMSFHTY67d8tIhl2Q,https://play-lh.googleusercontent.com/qzce3sjyG8Gvwva5Z54-j6-q_TU2zAmb1CFu_cPCVXyErxAsSOYl1OYASUbpxWPnxk8,"['https://play-lh.googleusercontent.com/6Q-ge9fiYIpW_gsOfXhGNVm7tiGH736bUcxDzYltupqsJ2-y_vvT0umWgiq_CTeFwnk', 'https://play-lh.googleusercontent.com/n0QTTyNUnl_5-_ekwYt6vUPqLugmGgrLAtTeUuhHBov-_8ciBda5MqqpVCVhrIPOdFrj', 'https://play-lh.googleusercontent.com/re6DjR0zht1jNZtIXJEvD8R3YMSUnycvr2DjUQxFBEvZ2A1Rs1nkkFPVFxKw0o8Uzw', 'https://play-lh.googleusercontent.com/NW-nHYDcRmzinh82JvEibOsEEbOBVJO4NkNlHj3lK7a3dpfMkFYrc6BKSOElMzE1lS4', 'https://play-lh.googleusercontent.com/RHf7I9Eg0-OuneeRS5gLaJmnwy-jxyuXRd5qAmsYQlMqMMV1VvRtHqYvioDAcuZy86z4', 'https://play-lh.googleusercontent.com/3RAbfbtLP1mV0phd4FlH7QH5cyxllIkRVEbV3FHGKVSo5ywoKBhLEvBnXR5PJSXa-g', 'https://play-lh.googleusercontent.com/MhEBFjDoDCz4DkZjqkPiHBu9ifskD2f85KnunfOUfTyR4rNMk9ionViQlW9XeJkP-G4L', 'https://play-lh.googleusercontent.com/WiRd-o5FM_ohga9DSZpDjI7Wjog_bP2XQYo-Nbbz8DTkMOOHJ99NeeXTWcFFGgfXp7Q']",,,PEGI 3,,,FALSE,07/12/2017,1616061900,2.37.0,You can now update your phone numbers and email address in Contact details. We‚Äôve also made it easier to view and manage all your Direct Debits and standing orders in one place under Manage bills.,You can now update your phone numbers and email address in Contact details. We‚Äôve also made it easier to view and manage all your Direct Debits and standing orders in one place under Manage bills.,FALSE,uk.co.hsbc.hsbcukmobilebanking,https://play.google.com/store/apps/details?id=uk.co.hsbc.hsbcukmobilebanking&hl=en&gl=uk
Lloyds Bank Mobile Banking: by your side,"UPDATE Some customers have reported an issue where the app has stopped working. You can fix this by deleting and reinstalling it. We're still looking into the cause. If you have this problem, please let us know - go to ‚ÄúProvide app feedback‚Äù on the Support tab.

When it‚Äôs hard to find time for those small but important jobs, the Lloyds Bank app is here to help. It‚Äôs easy to use, fast, convenient and more secure than ever, with built-in security technology to keep your banking details safe and private.

And since you‚Äôve usually got your mobile or tablet on you, it‚Äôs the simplest way to do your everyday banking.

- Log on quickly and securely with your fingerprint or a 3-character combination from your memorable information
- Check your account balances and pending payments
- View individual transaction details
-  Transfer money between accounts, and make UK and international payments
- Pay your loan or credit card bill
- Pay in cheques
- Earn as you spend with Everyday Offers
- Apply for loans, savings, cards and more
- Freeze debit card transactions, report lost or stolen cards and order replacements
- Reset your password
- Update the your contact details
- Call us safely from the app ‚Äì we‚Äôll already know it‚Äôs you so can quickly connect you without the usual security checks.

<u>GETTING STARTED</u>
New to this app? Setting it up is quick and easy ‚Äì you just need to register your device. For this you‚Äôll need:
- An up-to-date phone number registered with us
- Lloyds Bank UK personal, Islands personal or sterling international account
- Internet Banking user ID, password and memorable information (you can create these in the app)
- A device that isn‚Äôt rooted.

<u>KEEPING YOU SAFE ONLINE</u>
We use the latest online security measures to protect your money, your personal information and your privacy. As a Lloyds Bank Mobile Banking customer, you automatically benefit from our online and mobile banking guarantee: http://www.lloydsbank.com/security.asp

<u>CONTACTING YOU</u>
We won't contact you any more than normal if you use the app. But please stay alert to email, text messages or phone calls that appear to be from us. Criminals may try to trick you into giving them sensitive personal or account information. We'll never contact you to ask for these details. Any emails from us will always greet you personally using your title and surname and either the last 4 digits of your account number or the last part of your postcode '*** 1AB'. Any text messages we send you will come from LLOYDSBANK.

<u>IMPORTANT INFORMATION</u>
Mobile Banking is available to our UK personal (and some Channel Islands, Isle of Man and WorldWide Service) Internet Banking customers. Services may be affected by phone signal and functionality. Terms and conditions apply.

You must not download, install, use or distribute our Mobile Banking apps in the following countries: North Korea; Syria; Sudan; Iran; Cuba and any other country subject to UK, US or EU technology export prohibitions.

Please note that features that require the use of your device‚Äôs phone capability, such as Call us, won‚Äôt work on tablets.

When you use this app we collect anonymous location data to help combat fraud, fix bugs and improve future services.

Everyday Offers is available to Lloyds Bank UK personal current account customers (excluding Basic Account holders) aged 18+ with a debit/credit card who bank online. Terms and conditions apply.

Fingerprint Logon requires a compatible mobile running Android 6.0 or higher and may not currently work on some tablets.

Save the Change¬Æ is a registered trademark of Lloyds Bank plc.

Lloyds Bank plc (registered in England and Wales (no. 2065), registered office: 25 Gresham Street, London EC2V 7HN). Authorised by the Prudential Regulation Authority and regulated by the Financial Conduct Authority and the Prudential Regulation Authority under registration number 119278.","UPDATE Some customers have reported an issue where the app has stopped working. You can fix this by deleting and reinstalling it. We&#39;re still looking into the cause. If you have this problem, please let us know - go to ‚ÄúProvide app feedback‚Äù on the Support tab.<br><br>When it‚Äôs hard to find time for those small but important jobs, the Lloyds Bank app is here to help. It‚Äôs easy to use, fast, convenient and more secure than ever, with built-in security technology to keep your banking details safe and private.<br><br>And since you‚Äôve usually got your mobile or tablet on you, it‚Äôs the simplest way to do your everyday banking.<br><br>- Log on quickly and securely with your fingerprint or a 3-character combination from your memorable information<br>- Check your account balances and pending payments<br>- View individual transaction details<br>-  Transfer money between accounts, and make UK and international payments<br>- Pay your loan or credit card bill<br>- Pay in cheques<br>- Earn as you spend with Everyday Offers<br>- Apply for loans, savings, cards and more<br>- Freeze debit card transactions, report lost or stolen cards and order replacements<br>- Reset your password<br>- Update the your contact details<br>- Call us safely from the app ‚Äì we‚Äôll already know it‚Äôs you so can quickly connect you without the usual security checks.<br><br><u>GETTING STARTED</u><br>New to this app? Setting it up is quick and easy ‚Äì you just need to register your device. For this you‚Äôll need:<br>- An up-to-date phone number registered with us<br>- Lloyds Bank UK personal, Islands personal or sterling international account<br>- Internet Banking user ID, password and memorable information (you can create these in the app)<br>- A device that isn‚Äôt rooted.<br><br><u>KEEPING YOU SAFE ONLINE</u><br>We use the latest online security measures to protect your money, your personal information and your privacy. As a Lloyds Bank Mobile Banking customer, you automatically benefit from our online and mobile banking guarantee: http://www.lloydsbank.com/security.asp<br><br><u>CONTACTING YOU</u><br>We won&#39;t contact you any more than normal if you use the app. But please stay alert to email, text messages or phone calls that appear to be from us. Criminals may try to trick you into giving them sensitive personal or account information. We&#39;ll never contact you to ask for these details. Any emails from us will always greet you personally using your title and surname and either the last 4 digits of your account number or the last part of your postcode &#39;*** 1AB&#39;. Any text messages we send you will come from LLOYDSBANK.<br><br><u>IMPORTANT INFORMATION</u><br>Mobile Banking is available to our UK personal (and some Channel Islands, Isle of Man and WorldWide Service) Internet Banking customers. Services may be affected by phone signal and functionality. Terms and conditions apply.<br><br>You must not download, install, use or distribute our Mobile Banking apps in the following countries: North Korea; Syria; Sudan; Iran; Cuba and any other country subject to UK, US or EU technology export prohibitions.<br><br>Please note that features that require the use of your device‚Äôs phone capability, such as Call us, won‚Äôt work on tablets.<br><br>When you use this app we collect anonymous location data to help combat fraud, fix bugs and improve future services.<br><br>Everyday Offers is available to Lloyds Bank UK personal current account customers (excluding Basic Account holders) aged 18+ with a debit/credit card who bank online. Terms and conditions apply.<br><br>Fingerprint Logon requires a compatible mobile running Android 6.0 or higher and may not currently work on some tablets.<br><br>Save the Change¬Æ is a registered trademark of Lloyds Bank plc.<br><br>Lloyds Bank plc (registered in England and Wales (no. 2065), registered office: 25 Gresham Street, London EC2V 7HN). Authorised by the Prudential Regulation Authority and regulated by the Financial Conduct Authority and the Prudential Regulation Authority under registration number 119278.",Our app is packed with useful features to make everyday banking simple & secure,Our app is packed with useful features to make everyday banking simple &amp; secure,"5,000,000+",5000000,4.6770897,220164,92889,"[8267, 1986, 4255, 23555, 182101]",0,TRUE,USD,FALSE,,,,FALSE,,75M,7,7.0 and up,Lloyds Bank,Lloyds+Banking+Group+PLC,mobileapps@lloydsbanking.com,http://www.lloydsbank.com/app,,http://www.lloydsbank.com/privacy.asp,6.91654E+18,Finance,FINANCE,https://play-lh.googleusercontent.com/v8BVF-JkA4f1ElRfM8NjGafPbighOvvwMWKROhNb1MqyTWabkn0NiFD1a3N-MXAanro,https://play-lh.googleusercontent.com/3CGd7rOBaSZpAfbyulph8pWsxTCFHD9S11E9ND6AdJq2nikcMx0M4snV16Fx1YfoJ14,"['https://play-lh.googleusercontent.com/tfdhf2dJj83KmaIfNzNJUPpUEMv1yv5Xxo806cOgLQzKzMO_Z8yW2UOYgglMLJ-9u34', 'https://play-lh.googleusercontent.com/EsDBWQNZJk4YkG9I4JDQJp3cyJet2_5GYyjfAHK_cjkXuadSX270GbLX3k29tKXxVQ', 'https://play-lh.googleusercontent.com/pFE_VW5-Ej-lOV2wxep0AJyrboh50ngpfqbrZTPuZe5ff5UjtQccvBEQzGhDeEqA_w', 'https://play-lh.googleusercontent.com/2jA-MPoN0Rd_DdxVKVeZKUsecnVatATYC4s9AolVOSzr_0m6_EV7m0H0U-CMgWCbfVU', 'https://play-lh.googleusercontent.com/UAyREQBfIqrnFN6qDklUAOvhcucGDOZT9YkuTW8dG1vbahLBIlIDNBW_wJSuN3dqunuR', 'https://play-lh.googleusercontent.com/c9cfKuVhcp-EHd7aNYwRCxOgFtXTcnAj_UZDCtar5vqE1kYProiBYjvBQfTF1VMGCA', 'https://play-lh.googleusercontent.com/2rjsWlHy40Dfx3TIXTf7XcbThsHHvmuYG8NMlwmqFhUOKgxN3fCQUdyp0Qj1wbZ62g']",,,PEGI 3,,TRUE,TRUE,10/10/2011,1616430408,69.01,"We‚Äôve fixed some bugs and added security updates

We‚Äôre also working on new features that will be included in a later release.",We‚Äôve fixed some bugs and added security updates<br><br>We‚Äôre also working on new features that will be included in a later release.,FALSE,com.grppl.android.shell.CMBlloydsTSB73,https://play.google.com/store/apps/details?id=com.grppl.android.shell.CMBlloydsTSB73&hl=en&gl=uk
Santander Mobile Banking,"Use Fingerprint or your security number to access your Santander accounts quickly and safely, including your mortgage, in one place.
 
Business customer? You‚Äôll need to download our other app, ‚ÄòSantander Mobile Business Banking‚Äô to manage your business accounts.
 
<b>Manage your accounts</b>
Use ‚ÄòChat‚Äô to ask your banking questions 24/7, when someone‚Äôs available, we‚Äôll put you in touch with a real person
Check pending transactions for your current account and credit card
Arrange mortgage overpayments or change to a new deal with us
Freeze your Mastercard debit or credit card if you‚Äôve lost it
Forgotten your card PIN? See it in the ‚ÄòCards‚Äô section of the ‚ÄòMore‚Äô menu
 
<b>Quick, easy payments</b>
Make secure, fast payments
Pay somebody using just their mobile phone number through Paym
Manage your Direct Debits and standing orders
Use Fingerprint or your Security Number to authorise online transactions, and consents with third party providers.
 <b>Your money, your way</b>
Sign up to My Money Manager and get insights to help you make the most of your money
Switch on Retailer Offers and get cashback at top retailers
Change your auto log off settings so you can quickly switch between apps and manage your money with ease
Set up ‚ÄòQuick Balance‚Äô on your device‚Äôs home screen, and see your chosen account balance without having to log on to the app
 
<b>Before you start</b>
You‚Äôll need to make sure that we know your current UK mobile number, so that we can send you One Time Passcodes. Once that‚Äôs done, it takes just a few minutes to get started with Mobile Banking.
Open the app and enter your Online Banking log on details.
We‚Äôll send you a One Time Passcode (OTP) by text message.
Enter the code into the app and we‚Äôll register your device.
We‚Äôll then ask if you want to set up Touch ID or Face ID to log on.
And that‚Äôs it, you‚Äôre in. Be sure to allow ‚Äòpush notifications‚Äô to get messages from us straight to your phone‚Äôs homescreen.
 
<b>Remember ‚Ä¶</b>
 <b>Never</b> share a One Time Passcode (OTP) with another person. Not even a Santander employee.
<b>Never</b> download software or let anyone log on to your computer or devices remotely following or during a cold call.
<b>Never</b> enter your Online Banking details after clicking on a link in an email or text message.


When you install Santander Mobile Banking, you may be asked to let it access information or use your device‚Äôs features. This is so that some of the app‚Äôs features can run properly (almost all Android apps do this). Android own the names of permissions and Santander will only use them to enhance your experience when using the app. You can find a list of the app‚Äôs permissions in your phone‚Äôs Applications Manager, or by visiting Google Play and clicking ‚ÄòInstalled‚Äô.
 
All interest and Retailer Offer rates within our Play Store images are for visual purposes only and may not be indicative of our actual rates.
 (English language only) 
Santander Mobile Banking will not run on devices that have been rooted.  Please make sure you have the latest Android software on your phone so that our app runs smoothly. Your device will need to be running Android version 6.0 (Marshmallow) or above to use this app. If you are unable to update to this version, please log on to Santander Online Banking to access your accounts.
 
Android and Google Play are trademarks of Google Inc.
 
Santander UK plc. Registered Office: 2 Triton Square, Regent's Place, London, NW1 3AN, United Kingdom. Registered Number 2294747. Registered in England and Wales. www.santander.co.uk. Telephone 0800 389 7000. Calls may be recorded or monitored. Authorised by the Prudential Regulation Authority and regulated by the Financial Conduct Authority and the Prudential Regulation Authority. Our Financial Services Register number is 106054. You can check this on the Financial Services Register by visiting the FCA‚Äôs website www.fca.org.uk/register. Santander and the flame logo are registered trademarks.","Use Fingerprint or your security number to access your Santander accounts quickly and safely, including your mortgage, in one place.<br> <br>Business customer? You‚Äôll need to download our other app, ‚ÄòSantander Mobile Business Banking‚Äô to manage your business accounts.<br> <br><b>Manage your accounts</b><br>Use ‚ÄòChat‚Äô to ask your banking questions 24/7, when someone‚Äôs available, we‚Äôll put you in touch with a real person<br>Check pending transactions for your current account and credit card<br>Arrange mortgage overpayments or change to a new deal with us<br>Freeze your Mastercard debit or credit card if you‚Äôve lost it<br>Forgotten your card PIN? See it in the ‚ÄòCards‚Äô section of the ‚ÄòMore‚Äô menu<br> <br><b>Quick, easy payments</b><br>Make secure, fast payments<br>Pay somebody using just their mobile phone number through Paym<br>Manage your Direct Debits and standing orders<br>Use Fingerprint or your Security Number to authorise online transactions, and consents with third party providers.<br> <b>Your money, your way</b><br>Sign up to My Money Manager and get insights to help you make the most of your money<br>Switch on Retailer Offers and get cashback at top retailers<br>Change your auto log off settings so you can quickly switch between apps and manage your money with ease<br>Set up ‚ÄòQuick Balance‚Äô on your device‚Äôs home screen, and see your chosen account balance without having to log on to the app<br> <br><b>Before you start</b><br>You‚Äôll need to make sure that we know your current UK mobile number, so that we can send you One Time Passcodes. Once that‚Äôs done, it takes just a few minutes to get started with Mobile Banking.<br>Open the app and enter your Online Banking log on details.<br>We‚Äôll send you a One Time Passcode (OTP) by text message.<br>Enter the code into the app and we‚Äôll register your device.<br>We‚Äôll then ask if you want to set up Touch ID or Face ID to log on.<br>And that‚Äôs it, you‚Äôre in. Be sure to allow ‚Äòpush notifications‚Äô to get messages from us straight to your phone‚Äôs homescreen.<br> <br><b>Remember ‚Ä¶</b><br> <b>Never</b> share a One Time Passcode (OTP) with another person. Not even a Santander employee.<br><b>Never</b> download software or let anyone log on to your computer or devices remotely following or during a cold call.<br><b>Never</b> enter your Online Banking details after clicking on a link in an email or text message.<br><br><br>When you install Santander Mobile Banking, you may be asked to let it access information or use your device‚Äôs features. This is so that some of the app‚Äôs features can run properly (almost all Android apps do this). Android own the names of permissions and Santander will only use them to enhance your experience when using the app. You can find a list of the app‚Äôs permissions in your phone‚Äôs Applications Manager, or by visiting Google Play and clicking ‚ÄòInstalled‚Äô.<br> <br>All interest and Retailer Offer rates within our Play Store images are for visual purposes only and may not be indicative of our actual rates.<br> (English language only) <br>Santander Mobile Banking will not run on devices that have been rooted.  Please make sure you have the latest Android software on your phone so that our app runs smoothly. Your device will need to be running Android version 6.0 (Marshmallow) or above to use this app. If you are unable to update to this version, please log on to Santander Online Banking to access your accounts.<br> <br>Android and Google Play are trademarks of Google Inc.<br> <br>Santander UK plc. Registered Office: 2 Triton Square, Regent&#39;s Place, London, NW1 3AN, United Kingdom. Registered Number 2294747. Registered in England and Wales. www.santander.co.uk. Telephone 0800 389 7000. Calls may be recorded or monitored. Authorised by the Prudential Regulation Authority and regulated by the Financial Conduct Authority and the Prudential Regulation Authority. Our Financial Services Register number is 106054. You can check this on the Financial Services Register by visiting the FCA‚Äôs website www.fca.org.uk/register. Santander and the flame logo are registered trademarks.","Everyday banking made easy. Manage your bank accounts, spending and savings.","Everyday banking made easy. Manage your bank accounts, spending and savings.","1,000,000+",1000000,4.1604037,108851,48412,"[14786, 3238, 4238, 14053, 72536]",0,TRUE,USD,FALSE,,,,FALSE,,69M,6,6.0 and up,Santander,Santander+UK+plc,customerservices@santander.co.uk,https://santander.co.uk/mobile-banking,,http://www.santander.co.uk/uk/help-support/security-centre/data-protection,8.41585E+18,Finance,FINANCE,https://play-lh.googleusercontent.com/sG0NHfFUJLcD7YhpZCw6OWgScMQFwvm5Ku64a-UQFXgyIk_qNW4VAtq1yQkuPl0MRG8,https://play-lh.googleusercontent.com/wUAHgU_0ToeD31PQkZ41z8A3KHvabx2kN2LtG6R0By6Ao7ayWgHE4cFtAGctdGMR8WU,"['https://play-lh.googleusercontent.com/Kk8a6ByT5DtG59CW_l1cArquE9ttoa4ZvWI8SxwY_wLXMLXnd0Vj_aNMHri4D70g6pY', 'https://play-lh.googleusercontent.com/TV8iFU4S4Gv7602dNPhrSQ-__VpcrC6I_vlYnOp-1Z6HRx1PQcsslmebxk8Ic4Rw5w', 'https://play-lh.googleusercontent.com/7L-x88DYScZvH7iLkivowF1gCn75vrdV0Q_fGb7j-QplYnHeOUJAO_ChzOy-krGpKw', 'https://play-lh.googleusercontent.com/BQ5q4N-rFCESLEv7nZXbzMIOJWjJxJ5NpnfMVcL4N2eKU2ffJd9phwz9h0F-ujOPDqqd', 'https://play-lh.googleusercontent.com/ZVKS6JzX5uttmtImkYrNezsczVtJUbihdQ4-hXfAzklo10t-Ra4kE4brfI_-jWsFmqxf', 'https://play-lh.googleusercontent.com/bBivmtA4m1jvXXlWlFzK5ZZqNuuZo2_mYHxyfJwdv8dV7iWKqz98C4Gr9-3U4qBjHTKY', 'https://play-lh.googleusercontent.com/SuFQSFIQMtj1hfM_JJjXYKdQEaWsW2KCXbym0WewDEbAgK9igYvJC4maIap4NPL1KA']",,,PEGI 3,,,FALSE,25/02/2013,1615543019,4.15.0 (2),This release includes bug fixes and performance improvements,This release includes bug fixes and performance improvements,FALSE,uk.co.santander.santanderUK,https://play.google.com/store/apps/details?id=uk.co.santander.santanderUK&hl=en&gl=uk
TSB Mobile Banking,"Say hello to your mobile banking app.

<b>See all your accounts in one place</b>
Manage your money whenever you want, wherever you are. You can check your balances, pay bills, send money to friends, move money to your savings account and find your nearest branch.

<b>Log in effortlessly and securely</b>
We give you both convenience and security. Use biometric authentication to log in and authorise payments.

<b>Identify payments quickly with merchant logos</b>
Logos from your favourite shops now appear in your transactions.

<b>It‚Äôs easy to get started</b>
To use the app, you'll need to be registered for Internet Banking and have your login details to hand:
‚Ä¢ User ID
‚Ä¢ Password
‚Ä¢ Memorable information

<b>What you need to use this app</b>
You‚Äôll need to be a personal TSB customer, registered for Internet Banking and have a device running Android 5.0 (Lollipop) or above. You'll need to be a UK resident to apply for new products.

<b>Having problems? </b>
‚Ä¢ Have you looked at our mobile app <a href=""https://www.google.com/url?q=https%3A%2F%2Fwww.tsb.co.uk%2Fhelp%2Fmobile-app%2Ffaqs%2F&sa=D&sntz=1&usg=AFQjCNF73Snk90BKu9gpVicWw-wyvs3ONQ"">FAQs</a>?
‚Ä¢ If you‚Äôre having trouble logging in, follow our helpful <a href=""https://www.google.com/url?q=https%3A%2F%2Fwww.tsb.co.uk%2Flogin-issues%2F&sa=D&sntz=1&usg=AFQjCNHygSXwuhwtSk-3kTW7iA3Xhwj0ig"">interactive guide</a>
‚Ä¢ Check our <a href=""https://www.google.com/url?q=https%3A%2F%2Fwww.tsb.co.uk%2Fhelp%2Fservice-message%2F&sa=D&sntz=1&usg=AFQjCNFiAmQswLoUveOM4_kGlyXj3z1BHQ"">service status</a> to see if everything is running as it should be.

<b>Important information</b>
This app is intended for TSB personal Internet Banking customers. Terms and conditions apply http://www.tsb.co.uk/internet-banking-terms-and-conditions-2016.pdf.

<b>TSB Bank plc.</b> Registered office: Henry Duncan House, 120 George Street, Edinburgh EH2 4LH. Registered in Scotland, no SC95237.

Authorised by the Prudential Regulation Authority and regulated by the Financial Conduct Authority and the Prudential Regulation Authority under registration number 191240.

TSB Bank plc is covered by the Financial Service Compensation Scheme and the Financial Ombudsman Service.","Say hello to your mobile banking app.<br><br><b>See all your accounts in one place</b><br>Manage your money whenever you want, wherever you are. You can check your balances, pay bills, send money to friends, move money to your savings account and find your nearest branch.<br><br><b>Log in effortlessly and securely</b><br>We give you both convenience and security. Use biometric authentication to log in and authorise payments.<br><br><b>Identify payments quickly with merchant logos</b><br>Logos from your favourite shops now appear in your transactions.<br><br><b>It‚Äôs easy to get started</b><br>To use the app, you&#39;ll need to be registered for Internet Banking and have your login details to hand:<br>‚Ä¢ User ID<br>‚Ä¢ Password<br>‚Ä¢ Memorable information<br><br><b>What you need to use this app</b><br>You‚Äôll need to be a personal TSB customer, registered for Internet Banking and have a device running Android 5.0 (Lollipop) or above. You&#39;ll need to be a UK resident to apply for new products.<br><br><b>Having problems? </b><br>‚Ä¢ Have you looked at our mobile app <a href=""https://www.google.com/url?q=https%3A%2F%2Fwww.tsb.co.uk%2Fhelp%2Fmobile-app%2Ffaqs%2F&amp;sa=D&amp;sntz=1&amp;usg=AFQjCNF73Snk90BKu9gpVicWw-wyvs3ONQ"">FAQs</a>?<br>‚Ä¢ If you‚Äôre having trouble logging in, follow our helpful <a href=""https://www.google.com/url?q=https%3A%2F%2Fwww.tsb.co.uk%2Flogin-issues%2F&amp;sa=D&amp;sntz=1&amp;usg=AFQjCNHygSXwuhwtSk-3kTW7iA3Xhwj0ig"">interactive guide</a><br>‚Ä¢ Check our <a href=""https://www.google.com/url?q=https%3A%2F%2Fwww.tsb.co.uk%2Fhelp%2Fservice-message%2F&amp;sa=D&amp;sntz=1&amp;usg=AFQjCNFiAmQswLoUveOM4_kGlyXj3z1BHQ"">service status</a> to see if everything is running as it should be.<br><br><b>Important information</b><br>This app is intended for TSB personal Internet Banking customers. Terms and conditions apply http://www.tsb.co.uk/internet-banking-terms-and-conditions-2016.pdf.<br><br><b>TSB Bank plc.</b> Registered office: Henry Duncan House, 120 George Street, Edinburgh EH2 4LH. Registered in Scotland, no SC95237.<br><br>Authorised by the Prudential Regulation Authority and regulated by the Financial Conduct Authority and the Prudential Regulation Authority under registration number 191240.<br><br>TSB Bank plc is covered by the Financial Service Compensation Scheme and the Financial Ombudsman Service.",We‚Äôre making mobile banking better. Say hello to your new TSB app.,We‚Äôre making mobile banking better. Say hello to your new TSB app.,"1,000,000+",1000000,4.0501704,49668,28631,"[7366, 1664, 2412, 7894, 30332]",0,TRUE,USD,FALSE,,,,FALSE,,64M,5,5.0 and up,TSB,TSB+Bank+plc.,appideas@tsb.co.uk,http://www.tsb.co.uk,"TSB Bank plc
Henry Duncan House
120 George Street
Edinburgh
EH2 4LH",http://www.tsb.co.uk/privacy,7.60618E+18,Finance,FINANCE,https://play-lh.googleusercontent.com/Fnb9khSD4FEl08o7Qse7Kw73_EbWKT36vwcBqJfdjewepuX1qeMn7JxQA957XXyyP5M,https://play-lh.googleusercontent.com/_iImTXXH5omkR5wvxggIDYVca-FsyMZTdEFbLcXOJdE4BTzvHc8LCQWovbgMKEbXYPfO,"['https://play-lh.googleusercontent.com/kVGReU3Da07Wne0SjauXk2wkhR1DLaUz-w_q0vCIT-ve918WVDaLhawc3VYntRS9VME', 'https://play-lh.googleusercontent.com/SYqhp7EYoxmNTxUO2GA65_jJ3XrW9aVlN3FuuN40zdv7gvKnKtGtuyRoFze7LjgBIH6W', 'https://play-lh.googleusercontent.com/gHU8AkH9N6wtnynNB8UtDIuArlBX78Fi9k89HgPoa8YEsJRO1A4zcuL8PnrtDmC0miaH', 'https://play-lh.googleusercontent.com/6Oa25QqzYbD04GC_MeIAg6UC9uaomj4o4dxyYImjbWM-cybAiIDU1qznRuARicuR6lY', 'https://play-lh.googleusercontent.com/2SK7Du8TOYx0eWG2baCE85TpPvShWaBQ55-Re7ISbu2n6_lk10c7hPiFU21ulKNkam4']",,,PEGI 3,,,FALSE,08/03/2017,1613657820,5.2.1,This version contains some fixes and improvements.,This version contains some fixes and improvements.,FALSE,uk.co.tsb.newmobilebank,https://play.google.com/store/apps/details?id=uk.co.tsb.newmobilebank&hl=en&gl=uk
Royal Bank of Scotland Mobile Banking,"Everyday banking from the comfort of your home. Our app makes your day-to-day banking easy, quick and secure.

It‚Äôs available to customers aged 11+ with compatible Android devices and a UK or international mobile number in specific countries.

New features

‚Ä¢ Your face is your password. Take a selfie and you'll soon be able to make larger payments on mobile.
‚Ä¢ Want to make easy and secure payments on the go? You can now seamlessly add your credit cards to the Google Wallet.

You‚Äôre in control of your money
From being able to quickly check your account balances and transactions, to moving money between accounts, sending money securely to others and paying someone new up to ¬£1000 without a card reader or getting cash from an ATM without your debit card, our app gives you greater control of your finances. 

You can manage your bills easily and check the details of Direct Debits and standing orders. If you need a hand with anything, our Secure Messaging tool lets you to contact us in-app for any extra help.

You‚Äôre protected by our secure banking promise
With our app you‚Äôre covered by our secure banking promise, which makes it one of the safest ways to bank. We monitor your account 24/7 for unusual activity and will refund any money paid out of your account as long as you keep your security information safe.

You can log in to the app safely with your fingerprint, face or secure passcode and there is always a confirmation check to make sure you‚Äôre paying the right person or business.

Find a new account to suit you 
‚Ä¢ Apply directly for a current account from the Royal Bank app (account eligibility criteria apply)
‚Ä¢ Open and manage a savings account (account eligibility criteria apply)
‚Ä¢ Apply for a lending product directly in the app (aged 18+ eligibility criteria apply)

Need help managing your money? Our smart tools are here to help
‚Ä¢ Check your Credit Score
‚Ä¢ Manage your spending and set budgets
‚Ä¢ Lock and unlock your debit and credit cards
‚Ä¢ Set travel plans
‚Ä¢ Manage and store receipts
‚Ä¢ Set savings goals directly in the app
‚Ä¢ Add your loyalty cards directly to your app

Important information for you
‚Ä¢ There is a maximum of 5 payments totalling ¬£1000 per day. You must be aged 16 or over.
‚Ä¢ Get Cash - Withdraw up to ¬£130 every 24 hours at our branded ATMs. You must have at least ¬£10 available in your account and an active debit card (locked or unlocked).
‚Ä¢ Fingerprint and facial recognition are available on selected devices.
‚Ä¢ Credit score available once opted in through the app, to customers aged 18+, with a UK address and is provided by TransUnion.
‚Ä¢ Spending - You must be aged 16+. Only available for Personal and Premier Current accounts.
‚Ä¢ Lock and unlock MasterCard credit cards only
‚Ä¢ You can create one Travel Plan at a time, for a maximum period of 90 days, that includes up to seven countries. Each country needs to be registered separately. The Travel Plan will apply to debit cards only, attached to accounts that are managed via mobile banking, and only in your name. Joint account holders should register separately.
‚Ä¢ Managing your receipts is available to Business Banking and Premier customers only.
‚Ä¢ Savings goal available on instant access savings accounts.
‚Ä¢ My Loyalty Cards is available to customers aged 18+.

Please make sure you accept the following permissions before starting:¬†
‚Ä¢ Allow the app to communicate through your network
‚Ä¢ To find your nearest cash machine or branch, you'll need to let the app find your location
‚Ä¢ To 'Pay Your Contacts', the app will need access to your contacts list
By downloading this application, you are accepting the terms and conditions which can be viewed at rbs.co.uk/mobileterms. We recommend that you save or print a copy of the terms and conditions and privacy policy for your records.","Everyday banking from the comfort of your home. Our app makes your day-to-day banking easy, quick and secure.<br><br>It‚Äôs available to customers aged 11+ with compatible Android devices and a UK or international mobile number in specific countries.<br><br>New features<br><br>‚Ä¢ Your face is your password. Take a selfie and you&#39;ll soon be able to make larger payments on mobile.<br>‚Ä¢ Want to make easy and secure payments on the go? You can now seamlessly add your credit cards to the Google Wallet.<br><br>You‚Äôre in control of your money<br>From being able to quickly check your account balances and transactions, to moving money between accounts, sending money securely to others and paying someone new up to ¬£1000 without a card reader or getting cash from an ATM without your debit card, our app gives you greater control of your finances. <br><br>You can manage your bills easily and check the details of Direct Debits and standing orders. If you need a hand with anything, our Secure Messaging tool lets you to contact us in-app for any extra help.<br><br>You‚Äôre protected by our secure banking promise<br>With our app you‚Äôre covered by our secure banking promise, which makes it one of the safest ways to bank. We monitor your account 24/7 for unusual activity and will refund any money paid out of your account as long as you keep your security information safe.<br><br>You can log in to the app safely with your fingerprint, face or secure passcode and there is always a confirmation check to make sure you‚Äôre paying the right person or business.<br><br>Find a new account to suit you <br>‚Ä¢ Apply directly for a current account from the Royal Bank app (account eligibility criteria apply)<br>‚Ä¢ Open and manage a savings account (account eligibility criteria apply)<br>‚Ä¢ Apply for a lending product directly in the app (aged 18+ eligibility criteria apply)<br><br>Need help managing your money? Our smart tools are here to help<br>‚Ä¢ Check your Credit Score<br>‚Ä¢ Manage your spending and set budgets<br>‚Ä¢ Lock and unlock your debit and credit cards<br>‚Ä¢ Set travel plans<br>‚Ä¢ Manage and store receipts<br>‚Ä¢ Set savings goals directly in the app<br>‚Ä¢ Add your loyalty cards directly to your app<br><br>Important information for you<br>‚Ä¢ There is a maximum of 5 payments totalling ¬£1000 per day. You must be aged 16 or over.<br>‚Ä¢ Get Cash - Withdraw up to ¬£130 every 24 hours at our branded ATMs. You must have at least ¬£10 available in your account and an active debit card (locked or unlocked).<br>‚Ä¢ Fingerprint and facial recognition are available on selected devices.<br>‚Ä¢ Credit score available once opted in through the app, to customers aged 18+, with a UK address and is provided by TransUnion.<br>‚Ä¢ Spending - You must be aged 16+. Only available for Personal and Premier Current accounts.<br>‚Ä¢ Lock and unlock MasterCard credit cards only<br>‚Ä¢ You can create one Travel Plan at a time, for a maximum period of 90 days, that includes up to seven countries. Each country needs to be registered separately. The Travel Plan will apply to debit cards only, attached to accounts that are managed via mobile banking, and only in your name. Joint account holders should register separately.<br>‚Ä¢ Managing your receipts is available to Business Banking and Premier customers only.<br>‚Ä¢ Savings goal available on instant access savings accounts.<br>‚Ä¢ My Loyalty Cards is available to customers aged 18+.<br><br>Please make sure you accept the following permissions before starting:¬†<br>‚Ä¢ Allow the app to communicate through your network<br>‚Ä¢ To find your nearest cash machine or branch, you&#39;ll need to let the app find your location<br>‚Ä¢ To &#39;Pay Your Contacts&#39;, the app will need access to your contacts list<br>By downloading this application, you are accepting the terms and conditions which can be viewed at rbs.co.uk/mobileterms. We recommend that you save or print a copy of the terms and conditions and privacy policy for your records.",Get the Royal Bank of Scotland mobile banking app now.,Get the Royal Bank of Scotland mobile banking app now.,"1,000,000+",1000000,4.337267,42277,17834,"[3981, 1157, 1596, 5428, 30115]",0,TRUE,USD,FALSE,,,,FALSE,,108M,6,6.0 and up,RBS,NatWest+Group+PLC,mobilebanking@rbs.co.uk,http://www.rbs.co.uk/mobile,,https://rbs.co.uk/privacy,8.33983E+18,Finance,FINANCE,https://play-lh.googleusercontent.com/UnQiGxGoyuCdMCtQZx0UlvFJPrS-Rt262w6eFLOpZy5l73gl8r-t47svViCfAtphrwTM,https://play-lh.googleusercontent.com/qtE56vs1KEECe_5XoL2PclGAzvYpj7M8N6RawIPqbebHDXDAmJ6ykF93BAFFwupXOuUL,"['https://play-lh.googleusercontent.com/MHC9OCKQmv8LuSzyvsuHGipNMDt0iTc0uiw6iW1BqTv1suc2Nz-wlFBUFaunGGDpSik', 'https://play-lh.googleusercontent.com/nbKS5UTRDjeUQ1dlmiTbouBgyFZGltn6heLjEcc19IF3bWGoy5eS7nNVQCviSudZW9g', 'https://play-lh.googleusercontent.com/6Z-5zkiwIPNyM2Y7aS37VidafRwatSbYgDarr7w4ETvVxretc9Jnn2OculThByqQw_s', 'https://play-lh.googleusercontent.com/gScXQApTCmthwY8xQmusTE00ZNOtcmmQkke28SfEgDojhJ_PiKh-GUNJeHhxqrptafE', 'https://play-lh.googleusercontent.com/Tr6tzQ5D6rEtiQKU_E9p3-1pKrbNROlRGufrJ9uN4aKCQ_CJSXH83qzqdSJdy3z8j5aE', 'https://play-lh.googleusercontent.com/O5vfmCpfxyelpwb8iK3GIl9Zdd34qFueufzWeqvEFISoo97lkZ1BEOXadXOLgkwBLEU', 'https://play-lh.googleusercontent.com/EQsZg7iXmCI1yJaCLQG1Ykirhc3qjTXZ9r6NTYGCjfYLaZv6339AzKzmXsMLfCx_B60']",,,PEGI 3,,,FALSE,27/10/2011,1614602800,07.04.0000.25.0,"‚Ä¢ Your face is your password. Take a selfie and you'll soon be able to make larger payments on mobile.
‚Ä¢ Want to make easy and secure payments on the go? You can now seamlessly add your credit cards to the Google Wallet.	","‚Ä¢ Your face is your password. Take a selfie and you&#39;ll soon be able to make larger payments on mobile.<br>‚Ä¢ Want to make easy and secure payments on the go? You can now seamlessly add your credit cards to the Google Wallet.	",FALSE,com.rbs.mobile.android.rbs,https://play.google.com/store/apps/details?id=com.rbs.mobile.android.rbs&hl=en&gl=uk
Metrobank Mobile Banking,"METROBANK MOBILE BANKING

The Metrobank Mobile Banking app gives you what you want in a banking app, plus more!

Designed around how you want to do your banking on-the-go, Metrobank gives you a mobile banking app with an easy-to-navigate and customizable interface, banking services such as balance inquiry, bills payment, and funds transfer capabilities, as well as useful services such as buying and sending load, branch locator and rate checking all on your mobile phone! 

WHY USE METROBANK MOBILE BANKING

-	Full online enrollment: use your Metrobank debit card or credit card to activate your account (no need to go to a branch or ATM)
-	Easy payments: pay bills, buy/send load, request for payment, send out payment, and more!
-	Account customization: upload profile pics for yourself and your friends, assign nicknames to your accounts
-	Send or receive funds using mobile numbers: no need to disclose account numbers when transferring to anyone who is enrolled in Metrobank Mobile Banking. Request for or send out funds with personalized messages as well!
-	What‚Äôs New: read about the latest in financial markets, banking news, and the latest promo deals and offers
-	Forex Update: get updated foreign exchange rates
-	Car and Home Loan Calculator: compute for the monthly installment required for the car or home that you want or request for assistance from a loan specialist
-	Branch Locator: know where our branches are via Google Maps

Security features for your ease and peace of mind:
-	Log-in with a User ID and password.*
-	Receive a one-time password (OTP) and notification messages for certain transactions
-	Get device authorization for every device you use

STANDARD FEATURES

Continue to enjoy basic functionalities such as:
-	View account balance and details
-	Pay bills/transfer funds one time or make scheduled payments/transfers¬†
-	Buy mobile/prepaid load
-	Reorder checkbook

Learn more about the Metrobank Mobile Banking app at www.metrobank.com.ph/metrobankmobile 

The use of the Metrobank Mobile Banking app is subject to an end-user license agreement which you can find at www.metrobank.com.ph  Personal Banking  e-Channels  Metrobank Mobile Banking 

The Metrobank Mobile Banking app is a property of Metropolitan Bank & Trust Company.","METROBANK MOBILE BANKING<br><br>The Metrobank Mobile Banking app gives you what you want in a banking app, plus more!<br><br>Designed around how you want to do your banking on-the-go, Metrobank gives you a mobile banking app with an easy-to-navigate and customizable interface, banking services such as balance inquiry, bills payment, and funds transfer capabilities, as well as useful services such as buying and sending load, branch locator and rate checking all on your mobile phone! <br><br>WHY USE METROBANK MOBILE BANKING<br><br>-	Full online enrollment: use your Metrobank debit card or credit card to activate your account (no need to go to a branch or ATM)<br>-	Easy payments: pay bills, buy/send load, request for payment, send out payment, and more!<br>-	Account customization: upload profile pics for yourself and your friends, assign nicknames to your accounts<br>-	Send or receive funds using mobile numbers: no need to disclose account numbers when transferring to anyone who is enrolled in Metrobank Mobile Banking. Request for or send out funds with personalized messages as well!<br>-	What‚Äôs New: read about the latest in financial markets, banking news, and the latest promo deals and offers<br>-	Forex Update: get updated foreign exchange rates<br>-	Car and Home Loan Calculator: compute for the monthly installment required for the car or home that you want or request for assistance from a loan specialist<br>-	Branch Locator: know where our branches are via Google Maps<br><br>Security features for your ease and peace of mind:<br>-	Log-in with a User ID and password.*<br>-	Receive a one-time password (OTP) and notification messages for certain transactions<br>-	Get device authorization for every device you use<br><br>STANDARD FEATURES<br><br>Continue to enjoy basic functionalities such as:<br>-	View account balance and details<br>-	Pay bills/transfer funds one time or make scheduled payments/transfers¬†<br>-	Buy mobile/prepaid load<br>-	Reorder checkbook<br><br>Learn more about the Metrobank Mobile Banking app at www.metrobank.com.ph/metrobankmobile <br><br>The use of the Metrobank Mobile Banking app is subject to an end-user license agreement which you can find at www.metrobank.com.ph  Personal Banking  e-Channels  Metrobank Mobile Banking <br><br>The Metrobank Mobile Banking app is a property of Metropolitan Bank &amp; Trust Company.",Live your life the way you want with Metrobank Mobile Banking,Live your life the way you want with Metrobank Mobile Banking,"1,000,000+",1000000,3.733886,100461,41188,"[22159, 4565, 6230, 12402, 55105]",0,TRUE,USD,FALSE,,,,FALSE,,14M,5.1,5.1 and up,Metrobank,Metropolitan+Bank+%26+Trust+Company+(METROBANK),mobile@metrobank.com.ph,https://metrobank.com.ph/home,"Metrobank Center Building
7th Avenue, corner 35th St,
Taguig, Metro Manila 1630",https://metrobank.com.ph/privacy-policy,8.67785E+18,Finance,FINANCE,https://play-lh.googleusercontent.com/3mKuqWPgG2_lVVJZzL5OB-FQx-6z34H__-9wRMiTaXXXdMPLXXhQiTOdCOj3ba0fVP43,https://play-lh.googleusercontent.com/8L9ubamj5lxeCj1uEx7FLJugbDs1_9qfkFF-Rpp4staYoO-yf7F_oRhN9-Yi8WrRTw,"['https://play-lh.googleusercontent.com/CF_9ReexZF-1JwOm5nlqc15-vr1OwMzuzMRAW5dvIYidoxHTEIrML5AKjgX5dmYAha0f', 'https://play-lh.googleusercontent.com/cxfbMzb95hVWrhwqwGF2y0v39J8f27eg8HmohCVoi98v7PbUTxTTyukp4lPLphx7fQ', 'https://play-lh.googleusercontent.com/2hyeivr5m2y-jGRiUTCoFy2fCFDc1emgbxBHik_ckvZUn77pXae4zId3UrPv13oTgMRJ', 'https://play-lh.googleusercontent.com/khiXundjK67uixNpUaJg1Tp-WJDLPH_s7QXbM6ew2vCI0yEGgcutFKPaY9wtLIMEnA', 'https://play-lh.googleusercontent.com/P7Z8Pcq6Mmp-G668PQf8hPcKgRD0sxYwJ8w_NkvpOMpMymMJRDsGyaBjqivqJ6hn1Q', 'https://play-lh.googleusercontent.com/jyTJYs5cCANyd4izqubRrIv2Hj5IzjMquz0EsZ3Kj6UdwS4vczn2YZpTrMJ4aParjXqX', 'https://play-lh.googleusercontent.com/JhvUSc57xGki5hGu0MVTTB0nIYWj22nodvZfhCIIqDqDi47xJwZS3xvoOIvbH3yZ9r8', 'https://play-lh.googleusercontent.com/VQKnBqMoD7qG-pMS4bis4SnhbOeJuEXz78leXVbAuL_Xdi5gaBsG_s38JRLcvg7-j10', 'https://play-lh.googleusercontent.com/8GbQbJoL_yAb3QBP5mhe7Ga33vReCbvcr0XZd7JcfJce1GBbT-C8ewdRfYro9UHkFnCa', 'https://play-lh.googleusercontent.com/BRElx3_9nbLRENkbVcV5ZcjzopscC3s9n3G0Ku8GO0yl9SRepOJKqjyLC3aIlViJFA', 'https://play-lh.googleusercontent.com/B7oXCdL77UVa7rEtxtpje7uSu9HyEg3Ch2pwvHH_0DDi3g6orVBtBkzGYV2c8GDcLNg']",,,PEGI 3,,,FALSE,13/01/2017,1616482012,3.0.0,The minor updates and bug fixes serve to provide you with improved experience when you do online banking.,The minor updates and bug fixes serve to provide you with improved experience when you do online banking.,FALSE,ph.com.metrobank.metrobankdirectmobile,https://play.google.com/store/apps/details?id=ph.com.metrobank.metrobankdirectmobile&hl=en&gl=uk
Halifax Mobile Banking,"UPDATE Some customers have reported an issue where the app has stopped working. You can fix this by deleting and reinstalling it. We're still looking into the cause. If you have this problem, please let us know - go to ‚ÄúProvide app feedback‚Äù on the Support tab.

The Halifax Mobile Banking app can do everything you‚Äôd expect, maybe a little extra. And you can use it whenever and wherever you want. So you can crack on if you‚Äôre on the bus, at work or simply can‚Äôt tear yourself away from the telly.

<b>THE BASICS</b>
- Sign in quickly and securely with your fingerprints or a 3-character combination from your memorable information
- Swipe easily to see balances and statements on your Halifax accounts
- View details of individual transactions
- Check money coming in and going out
- Make transfers and payments
- Manage your standing orders and view direct debits
- Pay your loan or credit card bill
- Pay in cheques
- Set up new payees or pay your phone contacts.

<b>A FEW EXTRAS</b>
- Earn as you spend with Cashback Extras
- Apply for loans, savings, cards and more
- Call us safely from the app ‚Äì we‚Äôll already know it‚Äôs you so can quickly connect you without the usual security checks.

<b>STAY SAFE</b>- Freeze card transactions if you‚Äôve temporarily misplaced your debit card or want to restrict how it‚Äôs used
- Report lost or stolen cards
- Order replacement cards and PINs
- Reset your Online Banking password 
- Update the contact details we have for you. 

<b>GETTING STARTED</b>
New to this app? No problem. Just register your device and you‚Äôre ready to go. For this you‚Äôll need:
- An up-to-date phone number registered with us
- Halifax UK personal account
- Online Banking username, password and memorable information (you can create these in the app)
- A device that isn‚Äôt rooted.

<b>KEEPING YOU SAFE ONLINE</b>
We do all we can to protect you online. We also have an online banking guarantee: http://www.halifax.co.uk/aboutonline/security/

<b>CONTACTING YOU</b>
We won't contact you any more than normal if you use the app. But please stay alert to email, text messages or phone calls that appear to be from us. Criminals may try to trick you into giving them sensitive personal or account information. We'll never contact you to ask for these details. Any emails from us will always greet you personally using your title and surname and either the last 4 digits of your account number or the last part of your postcode '*** 1AB'. Any text messages we send you will come from Halifax .

<b>IMPORTANT INFORMATION</b>
Mobile Banking is available to our Online Banking customers with a UK personal account. Services may be affected by phone signal and functionality. Terms and conditions apply.

You must not download, install, use or distribute our Mobile Banking apps in the following countries: North Korea; Syria; Sudan; Iran; Cuba and any other country subject to UK, US or EU technology export prohibitions.
Please note that features that require the use of your device‚Äôs phone capability, such as Call us, won‚Äôt work on tablets.

When you use this app we collect anonymous location data to help combat fraud, fix bugs and improve future services.

Cashback Extras is available to Halifax bank account customers (excluding Basic Account holders) aged 18+ with a debit/credit card who bank online. Terms and conditions apply.

Fingerprint Sign-in requires a compatible mobile running Android 6.0 or higher and may not currently work on some tablets.

Save the Change¬Æ is a registered trademark of Lloyds Bank plc and is used under licence by Bank of Scotland plc.

Halifax is a division of Bank of Scotland plc. This app and Mobile Banking are operated by Bank of Scotland plc (registered in Scotland (No. SC327000) Registered office: The Mound, Edinburgh, EH1 1YZ). Authorised by the Prudential Regulation Authority and regulated by the Financial Conduct Authority and the Prudential Regulation Authority.","UPDATE Some customers have reported an issue where the app has stopped working. You can fix this by deleting and reinstalling it. We&#39;re still looking into the cause. If you have this problem, please let us know - go to ‚ÄúProvide app feedback‚Äù on the Support tab.<br><br>The Halifax Mobile Banking app can do everything you‚Äôd expect, maybe a little extra. And you can use it whenever and wherever you want. So you can crack on if you‚Äôre on the bus, at work or simply can‚Äôt tear yourself away from the telly.<br><br><b>THE BASICS</b><br>- Sign in quickly and securely with your fingerprints or a 3-character combination from your memorable information<br>- Swipe easily to see balances and statements on your Halifax accounts<br>- View details of individual transactions<br>- Check money coming in and going out<br>- Make transfers and payments<br>- Manage your standing orders and view direct debits<br>- Pay your loan or credit card bill<br>- Pay in cheques<br>- Set up new payees or pay your phone contacts.<br><br><b>A FEW EXTRAS</b><br>- Earn as you spend with Cashback Extras<br>- Apply for loans, savings, cards and more<br>- Call us safely from the app ‚Äì we‚Äôll already know it‚Äôs you so can quickly connect you without the usual security checks.<br><br><b>STAY SAFE</b>- Freeze card transactions if you‚Äôve temporarily misplaced your debit card or want to restrict how it‚Äôs used<br>- Report lost or stolen cards<br>- Order replacement cards and PINs<br>- Reset your Online Banking password <br>- Update the contact details we have for you. <br><br><b>GETTING STARTED</b><br>New to this app? No problem. Just register your device and you‚Äôre ready to go. For this you‚Äôll need:<br>- An up-to-date phone number registered with us<br>- Halifax UK personal account<br>- Online Banking username, password and memorable information (you can create these in the app)<br>- A device that isn‚Äôt rooted.<br><br><b>KEEPING YOU SAFE ONLINE</b><br>We do all we can to protect you online. We also have an online banking guarantee: http://www.halifax.co.uk/aboutonline/security/<br><br><b>CONTACTING YOU</b><br>We won&#39;t contact you any more than normal if you use the app. But please stay alert to email, text messages or phone calls that appear to be from us. Criminals may try to trick you into giving them sensitive personal or account information. We&#39;ll never contact you to ask for these details. Any emails from us will always greet you personally using your title and surname and either the last 4 digits of your account number or the last part of your postcode &#39;*** 1AB&#39;. Any text messages we send you will come from Halifax .<br><br><b>IMPORTANT INFORMATION</b><br>Mobile Banking is available to our Online Banking customers with a UK personal account. Services may be affected by phone signal and functionality. Terms and conditions apply.<br><br>You must not download, install, use or distribute our Mobile Banking apps in the following countries: North Korea; Syria; Sudan; Iran; Cuba and any other country subject to UK, US or EU technology export prohibitions.<br>Please note that features that require the use of your device‚Äôs phone capability, such as Call us, won‚Äôt work on tablets.<br><br>When you use this app we collect anonymous location data to help combat fraud, fix bugs and improve future services.<br><br>Cashback Extras is available to Halifax bank account customers (excluding Basic Account holders) aged 18+ with a debit/credit card who bank online. Terms and conditions apply.<br><br>Fingerprint Sign-in requires a compatible mobile running Android 6.0 or higher and may not currently work on some tablets.<br><br>Save the Change¬Æ is a registered trademark of Lloyds Bank plc and is used under licence by Bank of Scotland plc.<br><br>Halifax is a division of Bank of Scotland plc. This app and Mobile Banking are operated by Bank of Scotland plc (registered in Scotland (No. SC327000) Registered office: The Mound, Edinburgh, EH1 1YZ). Authorised by the Prudential Regulation Authority and regulated by the Financial Conduct Authority and the Prudential Regulation Authority.","The app that makes your everyday banking extra easy, quick & secure","The app that makes your everyday banking extra easy, quick &amp; secure","5,000,000+",5000000,4.632634,160475,73213,"[7430, 1892, 3127, 17300, 130726]",0,TRUE,USD,FALSE,,,,FALSE,,72M,7,7.0 and up,Halifax,Lloyds+Banking+Group+PLC,mobileapps@lloydsbanking.com,http://www.halifax.co.uk/app,,http://www.halifax.co.uk/securityandprivacy/privacy.asp,6.91654E+18,Finance,FINANCE,https://play-lh.googleusercontent.com/gnwz03bfeirJCBbFXqUP87qEeJd8nc4HGmEVCNsxVVoRsT4BesuVrCZSVk256F_TTQ,https://play-lh.googleusercontent.com/Ohv4t0Ri2zeqmYa2vch8Jo0omBnpeVq3JQ21t5Jda0vodwk_wCJ2MQJytW-4bTao9rI,"['https://play-lh.googleusercontent.com/cV5dE9cV3_AQKe6fewWJAC7E-ZU8QSUUHxj1wY0LMJzCP7hbbXIrtMHZzoLgluxD85v0', 'https://play-lh.googleusercontent.com/Lb7QfyMcPAbNWQa8N_vmDO-tJAZnq45hBHE9kqoxbuqNEhxT5-Y3gpTPjtT8p-utfL4L', 'https://play-lh.googleusercontent.com/WW8x9WZWze_fTh8BU7t0Mzobeuf-8l98hFLVRseCioTeZZPnVQ1ja-rUQmhSS7B0VkA', 'https://play-lh.googleusercontent.com/kKhiJhKeElimaYM2xKFrjZbG1MGh2MIxtwk4uYE4xSQEvkp-nRkn68Pmmd4eJduaXg', 'https://play-lh.googleusercontent.com/56JRUYMgKe1Oeaa4lkEjwthiEmSNlfj3I0kx7xwMIPaxV8uWUYkuBwF2N-IXhJtU5w']",,,PEGI 3,,TRUE,TRUE,15/12/2011,1616430487,69.01,"We‚Äôve fixed some bugs and added security updates

We‚Äôre also working on new things for the app so watch this space for more updates.",We‚Äôve fixed some bugs and added security updates<br><br>We‚Äôre also working on new things for the app so watch this space for more updates.,FALSE,com.grppl.android.shell.halifax,https://play.google.com/store/apps/details?id=com.grppl.android.shell.halifax&hl=en&gl=uk